supplier_name,total_spend,avg_procurement_cost,avg_lead_time,avg_defect_rate,order_volume,supplier_score,supplier_category
Supplier 1,888106.7166634542,50.76632902357868,33.44444444444444,1.8036297116882527,27,0.9596752408076261,Strategic Partner
Supplier 2,517436.16424126155,47.36169224779645,39.63636363636363,2.3627501450718813,22,0.455413476117584,Strategic Partner
Supplier 5,534520.8073701184,50.55807454221824,40.611111111111114,2.665408344149201,18,0.3224764162144985,Competitive - Negotiate
Supplier 4,450648.1126675441,68.4692998564372,36.111111111111114,2.3373974005913394,18,0.2984457455024226,High Risk - Replace
Supplier 3,328828.2728684474,48.42289193900044,40.266666666666666,2.46578603076447,15,0.29577455888298865,High Risk - Replace
