supplier_name,total_spend,avg_procurement_cost,avg_lead_time,avg_defect_rate,order_volume,supplier_score,supplier_category
Supplier 4,450648.1126675441,68.4692998564372,36.111111111111114,2.3373974005913394,18,0.2984457455024226,High Risk - Replace
Supplier 3,328828.2728684474,48.42289193900044,40.266666666666666,2.46578603076447,15,0.29577455888298865,High Risk - Replace
